House Sale Identifier,House Age,SqFt,Num Bedrooms,Num Bathrooms,Average Income,Sales Price,,,,
8795657,32,2221,8,9,72.833,309327,,,,9
3959685,46,1992,3,4,51.811,203104,,,,4
9798928,,2410,4,5,43.343,193328,,,,5
8690978,31,2265,3,4,75.819,411526,,,,4
5144943,20,3661,6,7,70.692,317353,,,0.146037968,7
7735908,32,2380,1,2,64.954,253235,,,,2
9790268,40,2182,4,5,45.603,302685,,,1,5
7906236,45,3185,4,5,63.893,321724,,,,5
5923366,37,2750,5,6,63.351,228708,,,,6
5019976,45,2768,1,2,58.651,254366,,,,2
9803603,37,3685,2,3,42.364,297405,,,,3
3296187,18,2617,2,3,47.183,282268,,,,3
3423209,54,1743,2,3,48.449,212651,,,,3
4485605,20,3004,2,3,51.802,252822,,,,3
4147738,29,2554,1,2,62.822,220242,,,,2
3859309,,1900,4,5,64.675,124882,,,,5
4363022,37,3185,2,3,42.357,221593,,,,3
9736017,38,2504,3,4,51.224,221408,,,,4
2889381,23,1602,1,2,43.862,272231,,,,2
8280731,36,3364,3,4,54.591,283272,,,,4
9940079,31,3371,6,7,59.426,242266,,,,7
4713198,22,1979,2,3,40.67,155295,,,,3
4228717,0,2549,5,6,61.712,145636,,,,6
5917063,40,2334,1,2,42.203,198452,,,,2
2702024,16,1971,1,2,43.032,202006,,,,2
7394406,7,3734,8,9,75.211,446942,,,,9
3188599,38,1684,4,5,66.176,189525,,,,5
5234694,25,2463,4,5,61.613,274150,,,,5
3816560,14,3373,2,3,68.197,296296,,,,3
5055503,31,2236,5,6,52.677,217583,,,,6
6491409,4,3058,2,3,50.666,291984,,,,3
4200132,37,2422,4,5,48.437,263159,,,,5
6661097,31,1683,3,4,68.833,164215,,,,4
9094346,10,2373,9,10,52.33,244040,,,,10
6654493,37,3161,6,7,61.752,307697,,,,7
2753668,56,2513,3,4,63.261,247621,,,,4
6479075,26,3271,5,6,77.618,431758,,,,6
6615081,39,2268,4,5,64.711,318751,,,,5
3941517,23,2311,5,6,45.887,233894,,,,6
6332661,58,1810,2,3,50.734,205970,,,,3
8282978,40,2286,1,2,49.409,156304,,,,2
2227188,65,2252,1,2,41.445,268321,,,,2
8864582,11,3663,9,10,48.945,281773,,,,10
4886099,34,2101,4,5,61.459,241513,,,,5
9134579,56,2192,3,4,41.79,225177,,,,4
3353658,13,2176,3,4,62.893,150902,,,,4
1322777,44,2707,3,4,42.225,298029,,,,4
7452294,63,2558,3,4,62.773,254470,,,,4
1072919,15,2611,4,5,43.162,235470,,,,5
6291796,42,2113,4,5,73.846,382219,,,,5
4151407,0,2042,4,5,59.03,221245,,,,5
3119382,22,1853,3,4,49.285,170068,,,,4
2343104,32,2905,4,5,40.971,261405,,,,5
9810484,24,2509,2,3,63.932,285854,,,,3
5908649,56,1665,5,6,52.783,225109,,,,6
3552483,14,3466,5,6,44.091,307232,,,,6
6222228,27,2842,7,8,92.738,698510,,,,8
8612789,35,2627,2,3,37.806,217282,,,,3
4534735,56,2561,4,5,68.171,254300,,,,5
1591017,25,3367,2,3,67.708,294119,,,,3
5247659,40,3413,3,4,59.99,224275,,,,4
2486653,25,2647,5,6,42.328,203373,,,,6
7360961,12,3094,3,4,66.783,190735,,,,4
8289623,25,3516,8,9,47.944,259596,,,,9
7685646,11,3140,2,3,49.474,215168,,,,3
8329404,22,2251,3,4,52.95,244459,,,,4
5933420,11,3017,2,3,71.502,319909,,,,3
2468966,39,3765,7,8,74.628,433205,,,,8
4498160,,1745,5,6,50.047,212040,,,,6
3555939,21,2116,4,5,60.773,245146,,,,5
3646238,13,2803,5,6,60.738,269119,,,,6
3919553,20,2654,1,2,45.358,219486,,,,2
2028554,0,2709,3,4,57.544,223045,,,,4
6249238,22,2142,2,3,48.016,265899,,,,3
7794080,47,2908,3,4,50.94,219370,,,,4
2629975,29,2123,1,2,46.616,193186,,,,2
9237449,49,3049,2,3,58.759,251230,,,,3
4994112,44,3348,7,8,68.381,319733,,,,8
1252101,32,1832,4,5,45.512,157185,,,,5
7209466,24,1804,2,3,39.858,128812,,,,3
7983251,41,3686,5,6,62.322,267185,,,,6
2758166,41,2598,3,4,44.468,201726,,,,4
1194617,19,2447,3,4,47.519,221948,,,,4
4575063,40,1758,1,2,66.545,242345,,,,2
2104226,18,3262,2,3,42.906,323183,,,,3
4154730,29,2852,2,3,51.361,250749,,,,3
3481761,36,3495,8,9,52.424,332188,,,,9
2765892,30,2791,4,5,57.819,308641,,,,5
7143625,23,2017,1,2,39.975,230367,,,,2
4715297,11,2820,2,3,63.814,276339,,,,3
8783438,23,1789,2,3,47.615,231997,,,,3
3848385,38,1875,3,4,66.503,260598,,,,4
2650697,32,2432,3,4,46.67,279682,,,,4
4112604,12,2974,6,7,76.013,347141,,,,7
3217337,8,1720,3,4,46.185,166980,,,,4
2558205,35,2650,2,3,55.385,220708,,,,3
3617007,19,2241,2,3,43.826,280277,,,,3
8604500,21,1801,1,2,36.732,229947,,,,2
8098790,22,2735,4,5,46.463,232323,,,,5
2766902,24,1774,1,2,46.65,159814,,,,2
4401134,15,2262,2,3,60.539,264165,,,,3
2520370,33,1689,2,3,56.92,157485,,,,3
2172226,15,2838,5,6,70.076,323732,,,,6
2952254,49,2886,1,2,77.682,475652,,,,2
8396487,37,1893,1,2,54.158,221479,,,,2
3643488,33,2328,2,3,,201215,,,,3
3935125,71,3137,4,5,52.522,290857,,,,5
6680723,12,2334,3,4,81.89,475776,,,,4
1559537,10,2811,4,5,42.8,210430,,,,5
9277877,28,2020,1,2,45.614,200988,,,,2
2357574,31,1973,2,3,46.501,225121,,,,3
1040228,22,4061,6,7,53.277,346007,,,,7
3645111,24,2854,4,5,46.265,228367,,,,5
9775265,30,2211,4,5,60.916,234478,,,,5
6226306,49,1923,4,5,61.275,159722,,,,5
3501146,28,3432,3,4,50.923,259607,,,,4
5423929,59,2280,1,2,68.819,223043,,,,2
8719408,41,4326,5,6,89.33,689514,,,,6
9928518,46,3261,4,5,59.39,303065,,,,5
7305276,24,1970,3,4,77.378,428005,,,,4
2217548,58,1962,3,4,44.972,169107,,,,4
5849217,35,2394,3,4,48.703,176539,,,,4
4862527,60,2835,3,4,45.698,286088,,,,4
2512221,18,2399,3,4,42.247,221329,,,,4
1065266,18,2078,5,6,72.588,270073,,,,6
6342441,23,3119,1,2,46.025,248936,,,,2
8741231,24,2688,5,6,58.423,194889,,,,6
6898450,8,2223,6,7,48.448,241938,,,,7
9334433,39,2738,5,6,38.419,218430,,,,6
7726424,13,3347,6,7,71.319,355875,,,,7
6670190,9,3317,4,5,59.17,277496,,,,5
3735547,,2590,3,4,43.178,258779,,,,4
9262059,15,3463,6,7,35.643,346727,,,,7
6369737,13,2151,2,3,50.529,268148,,,,3
1708777,33,2537,3,4,82.972,507120,,,,4
5218124,43,1907,2,3,48.095,261639,,,,3
7226205,20,2627,4,5,50.239,227067,,,,5
8583689,,3113,7,8,65.506,347449,,,,8
5418999,54,2353,4,5,44.865,195913,,,,5
5448386,46,1846,2,3,59.911,236428,,,,3
2538478,,2272,2,3,56.464,232664,,,,3
6082432,16,2935,6,7,65.56,302872,,,,7
6265741,26,2022,2,3,48.075,282287,,,,3
9879495,18,2485,3,4,42.603,261812,,,,4
4099106,24,1839,1,2,50.687,191930,,,,2
9788847,14,3026,1,2,47.481,254238,,,,2
8763885,45,2819,3,4,60.148,287756,,,,4
4804991,27,1982,3,4,48.919,261030,,,,4
7194876,16,3028,6,7,50.867,324886,,,,7
1520633,23,1969,3,4,64.921,193777,,,,4
8652369,39,1825,1,2,44.58,219388,,,,2
3983694,56,3290,3,4,55.595,283130,,,,4
1299752,38,2648,5,6,43.474,232148,,,,6
4483393,38,2247,2,3,61.522,271009,,,,3
5670137,44,4132,4,5,47.15,352131,,,,5
2791265,43,2693,1,2,,281566,,,,2
7442469,35,1829,2,3,40.187,277469,,,,3
8007109,34,2834,4,5,50.718,279955,,,,5
7444228,30,2554,6,7,72.435,328846,,,,7
4160028,43,3637,5,6,40.061,245803,,,,6
2449061,35,1714,1,2,49.418,171957,,,,2
1629296,16,2639,5,6,79.424,550052,,,,6
3071713,,3906,5,6,52.291,371311,,,,6
4583549,6,2163,3,4,44.074,177581,,,,4
2161196,25,1897,4,5,68.364,180874,,,,5
3578361,0,2012,2,3,57.598,181378,,,,3
4855922,32,1985,3,4,49.22,231917,,,,4
6220810,7,3853,8,9,76.621,443265,,,,9
4139274,22,2222,2,3,64.233,169039,,,,3
8671130,24,2131,2,3,70.269,277619,,,,3
2479321,15,2053,5,6,41.892,195649,,,,6
5526030,27,2886,4,5,53.728,240193,,,,5
4301375,4,2543,4,5,48.356,264523,,,,5
2036807,31,3117,3,4,81.422,558637,,,,4
3354036,31,2781,6,7,40.839,300881,,,,7
1004292,18,2204,2,3,45.327,271193,,,,3
6565803,20,1989,1,2,41.595,273799,,,,2
4233566,34,2070,4,5,47.137,251579,,,,5
6950388,,1925,3,4,,148351,,,,4
6987060,30,2180,4,5,56.618,230078,,,,5
5666214,26,2649,3,4,41.663,227423,,,,4
5291769,13,2639,2,3,49.1,159080,,,,3
5488581,64,2770,4,5,72.999,404755,,,,5
7786849,7,2166,4,5,59.753,256363,,,,5
4970539,9,2951,4,5,,320259,,,,5
1191778,24,2683,2,3,41.972,208381,,,,3
7672980,5,2373,4,5,64.235,254168,,,,5
8079917,9,2744,5,6,40.236,302413,,,,6
8273002,35,2714,5,6,49.923,251687,,,,6
6502760,31,2418,4,5,60.86,140138,,,,5
5670883,1,2871,5,6,,133818,,,,6
9141969,38,3273,7,8,63.889,279834,,,,8
2411460,48,3742,4,5,39.067,401855,,,,5
2573820,70,2595,5,6,51.709,312418,,,,6
2338251,42,2597,3,4,53.453,209929,,,,4
5517269,46,2730,3,4,67.485,332750,,,,4
7471428,35,2769,5,6,,236122,,,,6
1291856,25,2353,5,6,64.083,205128,,,,6
1029029,27,2348,4,5,61.216,222104,,,,5
4260795,43,2566,4,500,63.783,296717,,,,5
6943808,18,2511,5,6,40.294,239865,,,,6
8567549,43,2652,6,7,38.683,216968,,,,7
9430051,10,1999,1,2,44.007,227566,,,,2
8452333,8,1787,3,4,58.734,104950,,,,4
2087636,,3011,6,7,45.685,316694,,,,7
8299305,26,2535,3,4,73.819,392384,,,,4
1453527,42,2375,4,5,71.904,308963,,,,5
3885023,21,2740,3,4,82.768,505584,,,,4
3193979,30,2763,2,3,56.197,326082,,,,3
9815967,55,2826,4,5,66.065,295306,,,,5
9577453,18,1708,1,2,64.434,191231,,,,2
3331637,8,2861,4,5,81.682,432067,,,,5
2670754,38,2597,6,7,89.816,615218,,,,7
9186854,50,3904,5,6,55.901,348915,,,,6
3769910,46,2043,1,2,42.014,226145,,,,2
7556589,20,2403,5,6,60.723,240782,,,,6
4258492,29,2220,1,2,44.234,175894,,,,2
5865193,39,2384,4,5,87.544,638643,,,,5
8030602,,1923,2,3,83.572,422691,,,,3
3953149,48,3822,6,7,47.126,308886,,,,7
4023173,26,3110,7,8,54.248,273635,,,,8
3111296,32,2137,2,3,52.214,242513,,,,3
2554305,12,2607,2,3,59.999,246299,,,,3
3127082,18,1876,2,3,61.175,186178,,,,3
9011976,36,2477,7,8,45.093,261690,,,,8
7043197,14,1990,2,3,71.818,334329,,,,3
8607912,45,2418,4,5,49.34,216812,,,,5
7546193,32,3727,2,3,44.437,391494,,,,3
3913330,25,1933,1,2,45.333,214888,,,,2
3922586,21,2613,2,3,48.902,262784,,,,3
3112432,10,2325,6,7,46.006,232826,,,,7
7766920,6,2950,2,3,47.779,190226,,,,3
8193707,32,2392,1,2,48.859,226227,,,,2
2773167,29,2413,2,3,43.07,233343,,,,3
3037778,,2216,3,4,72.132,255824,,,,4
6945211,30,1817,3,4,45.184,167102,,,,4
7566616,41,3139,1,2,56.567,330966,,,,2
5019225,32,2789,4,5,48.92,301052,,,,5
5495264,21,2364,2,3,48.029,214018,,,,3
3187229,30,3169,3,4,68.311,217304,,,,4
5632421,46,2190,4,5,56.34,243777,,,,5
9483069,32,1818,3,4,68.779,233525,,,,4
6516918,30,2471,3,4,47.371,260134,,,,4
5770695,48,1871,4,5,68.037,244242,,,,5
7768698,34,4088,6,7,41.287,333330,,,,7
8335545,23,2163,6,7,43.113,217853,,,,7
1843326,31,2552,5,6,55.052,254879,,,,6
9561532,,2901,4,5,39.174,254570,,,,5
2053023,,1809,3,4,100.108,788393,,,,4
4295581,28,3588,5,6,49.328,265114,,,,6
2681485,,1978,3,4,44.17,251270,,,,4
4644604,24,3422,4,5,73.409,352427,,,,5
9254957,50,2899,4,5,48.002,278313,,,,5
2762504,11,2374,4,5,49.199,197994,,,,5
7455196,19,3039,3,4,58.891,161245,,,,4
8344517,42,2343,3,4,56.845,289413,,,,4
1564085,42,2511,3,4,51.004,217120,,,,4
7668971,41,3894,7,8,42.879,228218,,,,8
3112285,7,3102,8,9,43.291,266616,,,,9
1833546,17,3303,4,500,50.74,336786,,,,5
9757745,24,3389,5,6,43.999,249127,,,,6
7257457,19,2920,3,4,39.202,231147,,,,4
5005070,9,3137,3,4,45.881,255879,,,,4
7594031,34,2015,2,3,67.938,201746,,,,3
2991946,27,2530,1,2,62.303,267433,,,,2
9289774,,3349,5,6,54.895,356074,,,,6
2385096,0,2456,2,3,73.576,310089,,,,3
6353525,13,2449,4,5,55.606,215523,,,,5
3936202,41,2694,1,2,51.167,243489,,,,2
6577691,0,3153,4,5,42.022,222963,,,,5
7549434,13,2803,2,3,44.537,259957,,,,3
6690312,22,3330,2,3,58.343,337786,,,,3
7870979,44,2013,4,5,52.993,232419,,,,5
1290101,18,2460,6,7,89.908,622197,,,,7
9989633,,2033,2,3,41.475,215108,,,,3
6403483,31,2160,3,4,56.575,256899,,,,4
8051989,46,2195,3,4,55.864,230446,,,,4
6954363,29,2398,2,3,42.14,269160,,,,3
4206229,19,3242,3,4,68.662,322501,,,,4
6781926,12,3700,4,5,45.931,340761,,,,5
5768823,52,2380,4,5,49.371,252173,,,,5
8808892,18,1794,2,3,71.448,243635,,,,3
5840021,6,2329,6,7,58.808,253349,,,,7
3627557,28,1967,3,4,52.081,187465,,,,4
7853182,46,1985,3,4,55.029,230473,,,,4
1352434,20,2135,3,4,65.964,245003,,,,4
6262728,25,3118,5,6,61.487,262010,,,,6
9017157,31,2083,3,4,59.608,160916,,,,4
4713691,3,2814,7,8,57.714,251333,,,,8
6161902,26,3543,8,9,43.473,317820,,,,9
7208362,4,3073,2,3,52.546,258210,,,,3
3516971,9,2916,5,6,64.375,257689,,,,6
5324250,1,4220,6,7,42.729,309537,,,,7
5947157,41,2332,6,7,60.423,167511,,,,7
2600847,8,2198,3,4,40.479,204045,,,,4
5147595,23,2385,4,5,46.102,185608,,,,5
7485650,,3570,4,5,61.041,327566,,,,5
8639792,0,2970,3,4,56.651,326480,,,,4
2752742,28,2505,4,5,47.527,245414,,,,5
3404001,44,1856,1,2,84.854,566130,,,,2
3132167,44,2512,6,7,70.345,319161,,,,7
1635311,37,2522,8,9,44.027,255192,,,,9
2870226,8,4156,4,5,63.729,310077,,,,5
8608790,65,2641,3,4,43.324,260906,,,,4
6713484,32,1903,1,2,45.955,229587,,,,2
6969032,38,2610,7,8,83.777,549759,,,,8
9780833,45,1911,1,2,46.622,273372,,,,2
7534834,64,2638,3,4,52.725,255789,,,,4
5970718,16,1921,3,4,57.127,231147,,,,4
3593971,41,2474,4,5,56.585,229567,,,,5
3818873,34,3253,4,5,41.362,329021,,,,5
5003231,11,1849,1,2,44.943,249096,,,,2
5300027,40,2387,1,2,52.045,249816,,,,2
2875749,34,3215,4,5,64.17,348444,,,,5
1868270,52,2690,5,6,44.083,208475,,,,6
8043360,45,2379,3,4,55.839,309509,,,,4
9965084,,2179,2,3,51.86,223728,,,,3
2403437,36,2305,6,7,61.145,232925,,,,7
4668800,,2819,2,3,43.197,248753,,,,3
2524095,25,3598,2,3,46.976,215609,,,,3
9400291,41,2257,6,7,58.393,238165,,,,7
4506105,34,2560,3,4,86.34,658201,,,,4
5185741,17,2899,2,3,42.139,283579,,,,3
1373610,24,2551,4,5,41.835,291832,,,,5
7816748,8,3042,2,3,40.533,268175,,,,3
5012775,18,2540,3,4,55.872,201562,,,,4
9696013,33,1641,4,5,87.002,508897,,,,5
4320348,26,3908,5,6,67.313,312644,,,,6
8016404,6,2398,4,5,52.753,256325,,,,5
8820150,23,2223,3,4,50.992,198586,,,,4
9896670,37,2460,6,7,56.829,207885,,,,7
1233822,43,2494,4,5,61.398,217266,,,,5
2740666,57,2775,7,8,,283848,,,,8
9206720,28,2875,3,4,51.714,150944,,,,4
5870011,18,2048,2,3,,163274,,,,3
9675615,41,3469,2,3,69.665,360143,,,,3
1192385,35,3202,4,5,64.578,282151,,,,5
2086615,26,2017,1,2,43.463,176282,,,,2
5130318,11,2408,3,4,65.889,264880,,,,4
7790730,10,1813,2,3,43.103,181772,,,,3
4211341,57,3200,4,5,42.915,259942,,,,5
6370385,30,2077,1,2,52.797,196403,,,,2
1464466,,2262,7,8,51.196,217379,,,,8
5838838,25,2715,4,5,49.836,240392,,,,5
7161264,9,2161,3,4,51.658,312743,,,,4
3225741,18,2378,4,5,40.902,187715,,,,5
2734468,50,1862,7,8,70.077,286407,,,,8
2822992,2,2336,3,4,66.232,188689,,,,4
2260878,10,3256,7,8,65.626,272871,,,,8
2321288,16,2868,2,3,42.769,245437,,,,3
5412067,0,2704,2,3,80.296,436197,,,,3
9668352,,2291,4,5,51.295,305475,,,,5
6415281,20,3055,4,5,53.692,265619,,,,5
7929056,25,1996,2,3,49.275,199798,,,,3
8970703,40,1918,1,2,46.566,151962,,,,2
8319821,31,2004,4,5,72.628,301362,,,,5
5866002,0,2045,3,4,43.805,224556,,,,4
8787540,34,2466,3,4,41.642,207638,,,,4
1237054,3,2603,4,5,40.514,248454,,,,5
4765367,31,2725,2,3,54.815,193213,,,,3
8478990,34,3199,5,6,76.245,490288,,,,6
3534504,13,1982,5,6,47.207,236445,,,,6
9737417,,3932,4,5,55.215,338965,,,,5
4064502,36,2994,4,5,77.001,366661,,,,5
3403351,26,2022,4,5,54.186,224548,,,,5
2343655,27,2281,5,6,49.405,297254,,,,6
2343067,34,1719,5,6,65.679,159462,,,,6
8433288,,3793,2,3,65.72,252642,,,,3
8400808,55,2154,4,5,49.243,181563,,,,5
9782976,34,2159,3,4,60.915,237432,,,,4
8175297,40,3157,4,5,48.547,232900,,,,5
7732180,28,3021,6,7,43.254,272889,,,,7
3114953,47,3125,7,8,76.88,423884,,,,8
2599960,43,3064,5,6,53.592,283052,,,,6
1050841,,2625,2,3,55.772,313755,,,,3
5523486,34,2052,3,4,54.716,208450,,,,4
7989852,37,1970,4,5,51.425,214508,,,,5
7947015,55,2212,4,5,74.119,400688,,,,5
2774374,15,2999,4,5,59.961,160661,,,,5
5331630,19,2758,2,3,58.171,249644,,,,3
7573496,33,2347,1,2,42.489,261831,,,,2
5497139,37,2675,4,5,73.684,367124,,,,5
6522985,42,1672,5,6,46.5,263632,,,,6
8320936,46,4135,6,7,68.056,324661,,,,7
8288046,67,3644,6,7,54.525,266147,,,,7
8075605,,2294,5,6,42.08,272959,,,,6
2020210,12,3000,7,8,80.919,388161,,,,8
5921483,22,2776,2,3,,266456,,,,3
8697555,,2525,4,5,53.807,243194,,,,5
6311755,9,1996,2,3,44.413,217519,,,,3
8316212,62,2323,3,4,41.489,262582,,,,4
3920474,18,2685,4,5,38.752,251389,,,,5
4533759,38,2315,4,5,41.405,198250,,,,5
8927120,36,2205,4,5,60.317,205879,,,,5
3434501,36,2008,1,2,61.914,190999,,,,2
5733049,39,2013,6,7,72.999,266544,,,,7
7898124,43,3394,5,6,72.553,305387,,,,6
3307130,31,3538,2,3,59.361,265541,,,,3
4342670,55,3811,6,7,46.65,355603,,,,7
7419831,25,2069,6,7,56.336,218075,,,,7
7889568,51,2064,5,6,53.107,221165,,,,6
4143479,,2620,2,3,44.396,248202,,,,3
1907975,16,1644,3,4,50.299,167630,,,,4
2241206,44,2271,2,3,56.588,195597,,,,3
1256083,45,3478,7,8,44.645,334265,,,,8
8730268,1,2324,5,6,64.256,233538,,,,6
9528107,61,2019,2,3,61.408,261623,,,,3
4623550,,1748,1,2,66.909,197357,,,,2
6272838,31,2496,5,6,86.623,628761,,,,6
2509621,47,2933,4,5,49.244,335022,,,,5
1935935,19,2914,6,7,85.269,590850,,,,7
5310242,29,2977,2,3,53.991,289586,,,,3
7459174,32,2061,1,2,49.081,138637,,,,2
5901140,,1970,2,3,47.687,219760,,,,3
4753842,46,2300,6,7,58.413,315140,,,,7
1666804,6,2936,4,5,57.2,207102,,,,5
3245366,0,2425,6,7,69.918,260791,,,,7
1061611,,2249,1,2,,210135,,,,2
1017935,34,2044,1,2,68.471,264426,,,,2
6778096,17,1932,4,5,45.409,211407,,,,5
5929724,21,2859,2,3,61.315,221304,,,,3
4078040,40,2728,2,3,55.551,171149,,,,3
6607026,14,3165,7,8,51.503,299034,,,,8
3216715,21,3546,5,6,68.789,335065,,,,6
5114806,37,2299,3,4,50.026,207090,,,,4
5760441,30,2290,6,7,53.198,249604,,,,7
4651116,14,3384,2,3,46.666,217553,,,,3
7989924,0,3162,2,3,66.274,270100,,,,3
3111356,13,3530,4,5,44.939,340563,,,,5
8581585,10,2967,3,4,42.351,231281,,,,4
7772677,35,2362,5,6,83.422,484153,,,,6
8870977,,2471,3,4,45.118,238416,,,,4
8894053,,2949,4,5,48.016,348210,,,,5
1246593,25,1878,3,4,56.459,230944,,,,4
8251310,27,2353,2,3,49.669,223867,,,,3
2454667,35,2356,4,5,51.653,213498,,,,5
7599317,16,2946,5,6,59.448,172943,,,,6
9462219,24,4121,1,2,67.003,379258,,,,2
4125529,25,3349,2,3,53.419,257684,,,,3
9268042,21,2494,6,7,37.936,182719,,,,7
1035820,36,3079,3,4,60.253,285587,,,,4
1943168,48,1998,3,4,70.78,245169,,,,4
1290901,26,2622,4,5,53.023,225521,,,,5
6144793,48,2319,3,4,55.15,256639,,,,4
7066922,22,2905,5,6,60.562,304208,,,,6
9806394,10,1994,4,5,69.891,250132,,,,5
7598157,57,3158,2,3,45.61,285969,,,,3
3404394,7,3449,6,7,59.285,321985,,,,7
8015612,10,1920,3,4,42.088,212429,,,,4
5303184,31,2858,1,2,55.098,228922,,,,2
5448375,,2057,3,4,45.925,258427,,,,4
1344371,,1959,2,3,50.938,158358,,,,3
1411623,51,2076,5,6,47.719,189471,,,,6
7447862,48,2429,2,3,47.419,246086,,,,3
5185816,53,2771,3,4,57.072,222553,,,,4
6105009,26,1927,2,3,48.992,220843,,,,3
6327235,48,3008,3,4,64.12,256585,,,,4
5687097,40,2839,4,5,76.641,453048,,,,5
5842954,62,2389,3,4,57.193,216144,,,,4
4646321,26,3018,6,7,59.823,245906,,,,7
8475599,15,2948,2,3,41.929,279511,,,,3
6717789,39,2313,6,7,44.903,263948,,,,7
2354468,14,2721,6,7,42.807,267651,,,,7
7083706,26,3091,2,3,66.142,224723,,,,3
9295849,14,2844,3,4,71.344,361318,,,,4
9559601,15,2747,4,5,64.501,215102,,,,5
6321379,,2750,2,3,43.338,261577,,,,3
6640997,39,1869,1,2,57.199,224834,,,,2
8300296,40,3232,3,4,76.518,485815,,,,4
9645715,8,1988,2,3,62.66,274093,,,,3
2615152,7,3796,4,5,42.43,353691,,,,5
5419872,47,2788,5,6,44.792,152880,,,,6
7462372,36,3339,4,5,58.532,251469,,,,5
8218434,,2111,4,5,48.498,160625,,,,5
5218271,4,3849,10,11,54.97,275870,,,,11
9772154,46,3073,3,4,69.923,234750,,,,4
9928935,,3187,4,5,45.196,250697,,,,5
5783184,55,1627,2,3,76.832,407868,,,,3
9904526,39,2788,4,5,47.304,269384,,,,5
9184823,31,2005,3,4,55.281,234883,,,,4
8447853,52,3074,8,9,45.879,245057,,,,9
8986789,33,2702,5,6,67.835,213170,,,,6
9343934,36,1992,1,2,71.742,339824,,,,2
7581535,29,3937,4,5,63.634,313557,,,,5
2738557,40,2293,5,6,59.521,249815,,,,6
8217749,4,2233,2,3,44.74,198478,,,,3
3135022,12,2521,1,2,46.193,208951,,,,2
3468124,25,2580,4,5,58.369,262957,,,,5
2863880,51,3353,4,5,70.96,379823,,,,5
4682712,32,4606,7,8,74.935,418849,,,,8
9736182,21,3759,5,6,65.943,326963,,,,6
5249359,31,2156,1,2,47.691,263682,,,,2
1275995,43,1927,2,3,51.821,195530,,,,3
2008498,17,1947,4,5,75.776,399999,,,,5
7932366,26,1889,1,2,45.749,185539,,,,2
6061716,9,2653,4,5,52.783,263178,,,,5
6518078,16,2280,3,4,43.22,213058,,,,4
8183147,43,2004,4,5,66.37,190626,,,,5
8401934,23,3313,3,4,60.094,309199,,,,4
1262855,21,2747,2,3,54.213,258895,,,,3
5408257,34,2506,4,5,40.912,251723,,,,5
2989475,42,2986,6,7,40.125,239087,,,,7
9701714,12,1871,8,9,41.681,227999,,,,9
9438067,,1936,3,4,66.178,167199,,,,4
8032669,35,1983,5,6,53.4,246770,,,,6
7055879,23,3686,2,3,43.524,250378,,,,3
2697069,0,2427,6,7,42.658,178412,,,,7
2648821,38,2712,7,8,51.786,263420,,,,8
6433244,33,2628,4,500,71.147,345631,,,,5
6827740,18,2198,5,6,65.973,223891,,,,6
9248810,,2308,2,3,44.096,180462,,,,3
5932808,,2463,3,4,45.469,264574,,,,4
9855709,41,2088,4,5,50.101,213656,,,,5
7301121,23,2904,4,5,45.947,285379,,,,5
5728722,23,1987,1,2,56.182,176982,,,,2
3507145,3,2358,3,4,55.596,152041,,,,4
6519349,4,2351,1,2,39.459,255155,,,,2
1829382,34,2837,2,300,51.415,220975,,,,3
2605516,52,2171,1,2,49.341,306210,,,,2
6476201,25,3103,3,4,40.304,264044,,,,4
8529935,58,3630,6,7,42.624,298183,,,,7
1175293,25,4371,2,3,52.88,376967,,,,3
8239455,44,2810,2,3,46.536,295738,,,,3
4394220,4,2118,3,4,58.648,176440,,,,4
4011298,17,1814,2,3,43.704,229311,,,,3
4430649,31,4143,5,6,44.816,342262,,,,6
3724650,8,2859,4,5,58.859,175541,,,,5
2121020,23,2492,3,4,71.085,233221,,,,4
6935991,3,3027,5,6,44.248,307695,,,,6
6034175,41,2070,3,4,49.341,264453,,,,4
5011541,35,2535,4,5,42.9,182211,,,,5
2725032,45,2320,4,5,57.95,246360,,,,5
3028991,24,2459,3,4,64.759,151880,,,,4
2299536,38,2691,3,4,44.083,261765,,,,4
8168376,,2922,4,5,52.383,259346,,,,5
3478252,30,2588,3,4,59.524,336926,,,,4
4943376,52,3547,5,6,,283935,,,,6
5992362,42,1966,2,3,57.669,234212,,,,3
2533623,21,1913,4,5,63.266,215215,,,,5
1274910,58,1845,1,2,64.418,206480,,,,2
1109517,34,2881,1,2,64.948,367676,,,,2
5529217,20,2887,5,6,44.962,237650,,,,6
5875382,40,2269,4,5,52.791,227784,,,,5
3668740,37,2419,3,4,54.544,217845,,,,4
9120606,55,3033,4,5,58.537,344443,,,,5
6880642,35,1783,1,2,58.13,172822,,,,2
8379412,14,2814,2,3,45.042,298192,,,,3
7832618,25,2159,3,4,54.64,261276,,,,4
5042700,13,2456,4,5,48.405,230268,,,,5
5375199,31,2042,3,4,49.52,315629,,,,4
9186888,22,1806,4,5,64.687,245706,,,,5
7922430,8,4565,6,7,39.984,319375,,,,7
4970774,31,3262,5,6,66.775,294212,,,,6
3072077,30,1790,3,4,96.515,725708,,,,4
6497191,37,1827,2,3,48.973,173220,,,,3
6858286,8,2831,2,3,45.3,222897,,,,3
3611973,55,1896,2,3,68.141,290827,,,,3
9842797,60,1845,4,5,54.744,178307,,,,5
2336640,25,4055,7,8,64.498,371741,,,,8
1801484,38,1814,1,2,38.382,267953,,,,2
4506726,22,2209,4,5,,160602,,,,5
1118580,14,2608,4,5,65.55,218394,,,,5
9758607,0,2054,3,4,52.014,125930,,,,4
7686270,9,2490,1,2,94.302,682327,,,,2
1991975,49,2723,4,5,40.671,291126,,,,5
3472326,28,1832,2,3,43.539,113030,,,,3
9776978,44,1986,2,3,38.592,302654,,,,3
7756763,29,2663,3,4,48.724,174927,,,,4
1179448,53,4018,5,6,47.475,333786,,,,6
8668073,28,2856,1,2,48.718,174368,,,,2
9658013,14,1976,1,2,66.746,268757,,,,2
6848399,0,3165,3,4,46.081,270079,,,,4
1991827,37,2933,6,7,56.261,323984,,,,7
6283251,38,3040,6,7,37.879,235148,,,,7
2215902,11,1948,6,7,65.981,172221,,,,7
1120054,2,1880,5,6,42.239,208302,,,,6
2882828,19,2605,5,6,42.454,299349,,,,6
9644691,53,2419,2,3,,265180,,,,3
7551447,43,4364,5,6,36.477,334207,,,,6
6160819,30,2642,3,4,,290746,,,,4
6759477,37,3003,4,5,84.603,572340,,,,5
7736928,18,1906,4,5,41.151,168730,,,,5
4471845,23,2632,5,6,44.985,229476,,,,6
6242222,13,3401,5,6,69.746,255406,,,,6
1143516,28,2404,6,7,48.788,240246,,,,7
3686846,45,4211,7,8,55.583,356483,,,,8
8320178,0,2428,2,3,39.067,232965,,,,3
5250592,44,2124,2,3,53.855,228559,,,,3
2177506,41,3399,6,7,47.135,227510,,,,7
9029096,13,4388,3,4,39.951,328985,,,,4
6022373,34,2026,2,3,44.357,183186,,,,3
6685598,41,2463,5,6,50.719,194520,,,,6
6104829,,2169,4,5,59.338,210322,,,,5
8308212,30,3786,4,5,55.944,262311,,,,5
1221963,40,3373,4,5,66.628,225094,,,,5
2231534,,2543,3,4,72.159,269686,,,,4
3226182,21,5055,8,9,66.34,288726,,,,9
1815104,4,1795,3,4,43.656,215231,,,,4
9811084,29,2200,4,5,72.051,292422,,,,5
4801037,45,1909,2,3,73.195,283611,,,,3
3163376,36,2210,4,5,50.238,236982,,,,5
8377888,51,2178,7,8,57.729,271078,,,,8
7211541,41,3063,4,5,51.004,275702,,,,5
3611646,0,2402,2,3,46.6,229619,,,,3
5352366,22,3556,4,5,48.448,285020,,,,5
7091979,,2291,2,3,88.59,660801,,,,3
3036580,14,1969,3,4,58.229,211001,,,,4
4930968,30,2261,3,4,40.773,138378,,,,4
4876458,25,1952,1,2,54.152,211990,,,,2
4123391,,1939,2,3,53.731,247808,,,,3
6245317,54,1734,3,4,49.444,193476,,,,4
5017418,40,2022,3,4,45.019,252951,,,,4
2302411,36,2004,2,3,50.668,321230,,,,3
2413195,22,3107,6,7,64.572,277421,,,,7
1674341,17,3072,3,4,65.136,235114,,,,4
1011747,11,2723,1,2,86.944,614421,,,,2
7644706,28,1960,2,3,64.154,231756,,,,3
9456906,38,2650,1,2,39.143,223437,,,,2
4021512,7,3863,5,6,39.05,292828,,,,6
6202500,51,3736,7,8,46.991,309644,,,,8
2160684,38,2447,1,2,43.234,137622,,,,2
6941908,42,2879,4,5,50.837,273997,,,,5
8961985,31,3785,3,4,51.697,307404,,,,4
5000289,30,1655,1,2,39.321,179979,,,,2
6798702,13,2832,6,7,63.629,245243,,,,7
1300767,,2375,2,3,72.103,406537,,,,3
4921622,48,2843,9,10,47.819,204003,,,,10
7535506,37,1803,3,4,88.597,634560,,,,4
1298533,22,1708,2,3,78.411,316771,,,,3
4569659,19,1775,2,3,78.942,408988,,,,3
8704381,44,2213,4,5,39.907,266836,,,,5
4356943,26,1751,4,5,48.232,206509,,,,5
7707086,,2925,6,7,51.659,295599,,,,7
9247230,50,2456,3,4,47.008,248635,,,,4
5738629,69,2380,5,6,71.983,341681,,,,6
9284407,8,2653,5,6,59.387,184467,,,,6
3043633,34,1813,3,4,68.916,232421,,,,4
2009209,24,1917,2,3,40.18,188561,,,,3
5972264,32,3267,5,6,56.862,247750,,,,6
9268449,20,2429,3,4,,803779,,,,4
4825554,56,3080,4,5,57.145,311706,,,,5
7637655,25,2814,8,9,42.744,255879,,,,9
6024757,16,3642,7,8,58.188,264836,,,,8
9097734,31,2317,1,200,50.491,182263,,,,2
8145732,40,2024,2,3,68.364,188365,,,,3
7062802,39,2057,2,3,68.094,243053,,,,3
3436803,30,2215,3,4,60.115,274653,,,,4
5021441,19,3264,1,2,44.72,308082,,,,2
5662645,37,2593,5,6,48.843,303085,,,,6
6956050,0,2140,3,4,62.009,153050,,,,4
5208323,1,3959,8,9,75.078,513199,,,,9
3275437,0,2499,6,7,61.875,182912,,,,7
3409308,39,3189,5,6,47.249,320123,,,,6
6237050,13,2562,3,4,76.397,390375,,,,4
6136317,53,2042,3,4,54.539,239019,,,,4
3197122,32,2458,5,6,50.304,216287,,,,6
2745488,34,2793,4,5,98.14,857804,,,,5
4124927,32,1769,3,4,82.161,495565,,,,4
4054978,,1835,3,4,52.811,224427,,,,4
8904404,25,1998,1,2,45.501,207756,,,,2
2546624,,2252,4,5,57.897,231300,,,,5
1833033,51,2096,2,3,52.44,280494,,,,3
2603647,19,3462,3,4,67.462,211620,,,,4
6807665,54,3129,7,8,50.04,348029,,,,8
4557110,32,2240,2,3,52.403,211206,,,,3
9279842,26,3487,5,6,50.784,297046,,,,6
8964390,42,2245,1,2,56.428,243804,,,,2
3377958,8,2852,3,4,55.361,254468,,,,4
5129928,29,2440,3,4,43.11,286624,,,,4
7344858,11,2582,5,6,61.513,232725,,,,6
3497486,31,2747,4,5,99.185,882235,,,,5
5997523,28,1879,4,5,71.426,278083,,,,5
2089816,15,3701,3,4,57.843,262789,,,,4
7673198,5,2788,4,5,60.025,260987,,,,5
6656838,39,2386,3,4,56.964,267073,,,,4
9681462,17,2371,1,2,60.512,172291,,,,2
7054291,,2528,2,3,66.664,204372,,,,3
2975673,23,3574,3,4,85.343,590829,,,,4
4118527,23,3003,4,5,78.449,333823,,,,5
3019508,19,2416,1,2,45.295,236403,,,,2
1945186,49,2991,3,4,59.432,300620,,,,4
4449257,39,3826,4,5,61.007,320173,,,,5
2904419,16,2325,4,5,50.269,209902,,,,5
9344761,24,2221,4,5,51.177,320233,,,,5
2879569,7,2193,2,3,57.28,275582,,,,3
7474544,,2261,5,6,50.789,209725,,,,6
4180799,9,2152,4,5,57.162,189853,,,,5
3217806,2,1831,1,2,46.263,170652,,,,2
5948874,35,3273,2,3,60.507,269633,,,,3
3548497,20,3017,5,6,50.909,191791,,,,6
8530320,41,2387,8,9,56.384,255878,,,,9
8432989,26,2495,3,4,55.123,273067,,,,4
7236934,6,2991,7,8,65.203,230608,,,,8
9052750,24,2496,3,4,55.747,214066,,,,4
9228824,37,1820,2,3,46.464,177698,,,,3
5597117,61,2033,4,5,47.634,179631,,,,5
6319006,42,2892,3,4,46.141,275949,,,,4
8337519,,2555,4,5,52.202,258872,,,,5
5140997,21,1904,4,5,48.835,294551,,,,5
2371141,58,2992,5,6,53.941,322372,,,,6
7765789,26,2548,5,6,58.44,288061,,,,6
4229396,25,2329,3,4,66.147,221047,,,,4
9231198,26,2773,7,8,75,424497,,,,8
9238753,34,3140,4,5,46.876,326072,,,,5
1914743,31,4087,8,9,52.642,341086,,,,9
7718595,41,2842,5,6,58.981,276530,,,,6
9298745,3,2351,4,5,54.452,168943,,,,5
9780395,29,3454,2,3,43.787,265127,,,,3
2348669,51,2224,4,5,51.605,90537,,,,5
5307134,,2161,1,2,83.108,451465,,,,2
9489629,40,1992,3,4,48.612,208689,,,,4
1971576,22,2459,2,3,68.061,189628,,,,3
4463029,14,2009,5,6,59.071,201496,,,,6
2340890,3,2448,3,4,53.219,165293,,,,4
3156458,34,3415,5,6,38.411,316770,,,,6
5167877,44,3660,8,9,47.722,351569,,,,9
4120895,6,2960,4,5,39.196,226198,,,,5
7447247,52,1900,3,4,71.071,301569,,,,4
9239091,37,2625,3,4,92.898,784600,,,,4
4070436,45,2461,2,3,45.006,271511,,,,3
6342065,3,1938,3,4,45.952,222564,,,,4
7814774,21,1892,5,6,48.8,303034,,,,6
8731227,0,3185,3,4,73.037,320247,,,,4
2895096,22,2892,4,5,74.32,363808,,,,5
2368225,23,3384,3,4,82.831,495854,,,,4
4708946,50,2659,4,5,55.047,228559,,,,5
8218552,24,2276,6,7,48.731,170101,,,,7
5149368,21,2352,6,7,46.094,210237,,,,7
2710817,24,3022,3,4,44.998,301576,,,,4
1643346,6,2542,2,3,55.024,247188,,,,3
5777608,8,1871,2,3,67.815,140779,,,,3
9131743,38,2653,3,4,66.974,227293,,,,4
8677155,26,2073,1,2,44.039,217337,,,,2
1315556,16,2433,4,5,55.025,267046,,,,5
6929978,21,2133,4,5,48.308,212931,,,,5
8828612,52,3784,8,9,73.657,428027,,,,9
3538567,22,2860,3,4,58.614,221612,,,,4
7381314,13,1890,1,2,71.916,245335,,,,2
7447699,49,2487,8,9,57.87,224048,,,,9
4187361,10,1863,1,2,41.568,201648,,,,2
1460506,42,2024,4,5,68.003,186032,,,,5
2766009,,3784,8,9,46.583,266370,,,,9
2117856,30,3053,3,4,63.374,291679,,,,4
3223246,38,2090,4,5,59.931,229414,,,,5
4717628,24,1928,3,4,62.34,233846,,,,4
3637398,,2339,2,3,56.57,239332,,,,3
3260137,24,2922,4,5,41.21,198599,,,,5
5469071,14,2555,4,5,42.94,241374,,,,5
8825409,51,2014,3,4,42.176,243906,,,,4
1678303,32,2165,4,5,68.936,268142,,,,5
9011890,,2422,4,5,52.376,226720,,,,5
2160256,41,4353,8,9,59.27,395223,,,,9
8441181,18,2318,2,3,53.661,211472,,,,3
7497387,41,2192,3,4,41.138,286633,,,,4
8218282,17,3611,4,5,51.699,319551,,,,5
8675182,41,2970,3,4,46.721,271503,,,,4
8649142,47,2702,2,300,57.431,283659,,,,3
3677961,18,2450,4,5,47.391,221813,,,,5
5518703,39,3432,4,5,46.339,272498,,,,5
1754270,21,2006,1,2,73.945,305288,,,,2
4514765,36,2607,7,8,86.828,618442,,,,8
2735884,0,2834,2,3,49.976,219579,,,,3
7945773,24,2684,4,5,63.757,216019,,,,5
7436056,47,3017,2,3,80.404,489183,,,,3
9118447,,2782,7,8,64.76,240806,,,,8
9738923,28,2372,4,5,56.12,264486,,,,5
7276595,6,2224,5,6,47.501,157862,,,,6
4583723,,3897,6,7,61.459,358667,,,,7
8823688,51,2691,3,4,62.039,222932,,,,4
3502386,25,2148,4,5,44.996,243770,,,,5
6989854,,3351,8,9,44.714,334136,,,,9
9632288,35,2688,3,4,52.958,244655,,,,4
3286630,60,3683,5,6,61.681,322017,,,,6
3611360,28,4601,3,4,43.456,359383,,,,4
3108556,26,1986,2,3,50.195,192213,,,,3
5520377,27,2263,7,8,51.491,190834,,,,8
4414201,56,2349,5,6,45.328,192685,,,,6
8130322,0,4537,6,7,70.393,364231,,,,7
6065498,45,3268,5,6,59.828,301678,,,,6
6382464,,4422,6,7,50.3,411680,,,,7
6603661,43,3020,3,4,41.938,259436,,,,4
4590997,42,2655,2,3,51.659,256677,,,,3
1506064,18,2140,2,3,41.583,140882,,,,3
1990536,,2692,6,7,59.631,246333,,,,7
9986084,26,2115,4,5,47.614,250811,,,,5
4185015,26,3229,4,5,68.102,270843,,,,5
2447702,,2419,4,5,38.338,258485,,,,5
2678879,7,2171,2,3,52.111,162178,,,,3
8452977,,2579,6,7,45.48,273060,,,,7
9927253,33,3476,3,4,96.423,875375,,,,4
6183428,46,3608,5,6,60.217,261077,,,,6
7866341,22,1875,3,4,93.35,689418,,,,4
7185460,42,2691,2,3,71.979,213245,,,,3
9041081,47,2047,4,5,96.973,845385,,,,5
8838472,55,2700,4,5,47.4,247596,,,,5
1608227,30,2221,3,4,44.746,279838,,,,4
4346998,48,2843,4,5,71.572,259777,,,,5
2377142,0,3346,5,600,53.641,267317,,,,6
6863686,35,2692,6,7,59.095,193857,,,,7
8543915,53,1890,8,9,44.615,132084,,,,9
7012858,16,2274,4,5,58.205,246181,,,,5
4018067,28,2488,3,4,49.545,254417,,,,4
9094884,32,2727,5,6,57.552,260515,,,,6
9663220,24,2517,1,2,60.846,279749,,,,2
5385980,6,2321,1,2,52.088,201217,,,,2
9966408,44,2744,3,4,73.025,376744,,,,4
9922117,44,2274,4,5,73.009,327956,,,,5
7826302,34,2884,3,4,52.942,274474,,,,4
5913277,43,2523,4,5,41.169,194573,,,,5
3299983,,2396,2,3,62.305,238534,,,,3
3063139,48,2099,1,2,46.001,196961,,,,2
9541333,,2663,6,7,46.487,267652,,,,7
9110732,45,3869,5,6,40.087,252049,,,,6
1352713,0,2437,7,8,45.796,231919,,,,8
1240673,20,2177,5,6,74.811,381092,,,,6
6955146,8,3116,3,4,64.162,274653,,,,4
9826172,33,2303,4,5,53.643,201063,,,,5
7797761,50,2382,5,6,53.187,175409,,,,6
8824906,30,1826,3,4,67.571,172076,,,,4
1147849,24,1947,3,400,39.386,235026,,,,4
9227666,24,2222,3,4,100.941,805430,,,,4
7498031,25,3586,6,7,40.281,269808,,,,7
3264022,15,3668,2,3,49.331,372127,,,,3
3228328,16,3326,3,4,71.059,325215,,,,4
2438053,25,1709,3,400,91.058,617273,,,,4
5678313,15,3327,2,3,41.906,239455,,,,3
2247827,58,3371,4,5,49.265,276109,,,,5
7136681,28,4151,3,4,53.787,282003,,,,4
1020743,32,2754,2,3,46.646,277204,,,,3
4147587,21,1902,3,4,38.352,259556,,,,4
8061937,11,2823,5,6,50.431,215690,,,,6
2511971,12,2584,3,4,56.989,201080,,,,4
7389304,36,2239,4,5,45.306,261568,,,,5
1220528,10,1935,4,5,41.787,178975,,,,5
1023677,25,2793,7,8,41.621,277952,,,,8
7098548,28,2811,4,5,49.446,218100,,,,5
4118062,,2997,2,3,73.602,325624,,,,3
8991044,,2392,4,5,41.326,333716,,,,5
7390772,13,2729,2,3,61.854,208005,,,,3
5970267,25,2057,1,2,42.288,236378,,,,2
1442346,29,2708,3,4,49.421,198015,,,,4
8712604,18,3939,3,4,54.535,332550,,,,4
5618836,28,3296,11,12,48.833,231927,,,,12
3471238,,4376,8,9,47.299,316309,,,,9
1084401,19,2784,3,4,69.423,260724,,,,4
6663209,17,2965,6,7,53.9,218265,,,,7
6686334,8,2655,5,6,67.577,292106,,,,6
2994358,,1887,3,4,55.656,232612,,,,4
2828443,35,3387,1,2,59.022,257212,,,,2
6821791,14,1916,3,4,42.122,263435,,,,4
4133528,47,2118,3,4,49.847,309300,,,,4
1098048,,1861,1,2,45.319,268256,,,,2
5330220,40,2110,3,4,56.251,266463,,,,4
5420886,41,2932,1,2,48.179,317779,,,,2
3500820,21,2877,1,2,45.949,266496,,,,2
4702339,37,3103,3,4,62.481,300692,,,,4
6571194,22,2637,4,5,76.441,398450,,,,5
7030100,38,2928,6,7,59.664,390187,,,,7
4483241,41,2147,1,2,50.681,208335,,,,2
2723517,38,2137,2,3,53.164,226183,,,,3
8899042,44,3236,5,6,51.914,306578,,,,6
4464929,4,2285,4,5,52.398,260674,,,,5
7482254,41,2683,7,8,41.667,303059,,,,8
6874445,20,3210,4,5,91.727,724478,,,,5
7245869,25,2501,2,3,40.429,171759,,,,3
6570142,4,2022,3,4,50.704,208791,,,,4
3864580,28,2146,1,2,44.616,204693,,,,2
8095512,12,2452,2,3,,117424,,,,3
1674136,30,1866,3,4,71.573,251091,,,,4
2575721,56,2460,1,2,40.536,218056,,,,2
7677606,15,2446,3,4,42.563,234157,,,,4
7163811,23,2426,4,5,58.862,147306,,,,5
9906888,38,3595,7,8,57.151,284361,,,,8
7336287,31,1930,4,5,53.543,239235,,,,5
4815421,23,2510,4,5,46.411,259279,,,,5
4395055,44,1944,3,4,91.921,586406,,,,4
3641177,9,4071,7,8,44.114,279981,,,,8
9763798,27,2461,5,6,54.461,288560,,,,6
7466742,14,3515,5,6,56.988,259290,,,,6
4161974,25,2275,1,2,41.106,241466,,,,2
2878514,13,2498,4,5,50.814,229147,,,,5
8096069,44,2661,3,4,58.259,260869,,,,4
2021666,0,2886,5,6,70.362,279669,,,,6
7409680,20,2947,3,4,57.588,290253,,,,4
6175891,1,2473,4,5,65.169,199496,,,,5
9994472,14,1946,2,3,47.449,218581,,,,3
9577147,15,2840,5,6,50.554,248498,,,,6
4524869,8,2437,6,7,73.492,343159,,,,7
4882930,31,2618,1,2,55.387,205946,,,,2
2965896,39,2471,1,2,46.875,253207,,,,2
6545042,45,1533,5,6,88.385,614623,,,,6
9903599,32,2803,4,5,74.266,396426,,,,5
4910439,26,3121,3,4,45.027,215912,,,,4
5522965,56,2261,3,4,61.008,279301,,,,4
5926013,5,2021,1,2,46.426,240238,,,,2
4504145,,3475,3,4,86.466,688223,,,,4
8103016,10,1844,1,2,50.734,170149,,,,2
2284581,31,2240,2,3,63.085,208934,,,,3
2827349,57,2154,1,2,54.371,218645,,,,2
4734527,35,3113,3,4,54.18,213330,,,,4
3065520,0,1875,3,4,59.635,199596,,,,4
5165392,30,2118,4,5,46.892,188597,,,,5
9777877,11,1865,3,4,51.089,127720,,,,4
2172885,20,3124,6,7,63.271,203576,,,,7
1441811,38,2938,7,8,48.762,216509,,,,8
7364057,34,2283,1,2,56.996,230176,,,,2
1302956,4,2362,2,3,48.461,233557,,,,3
2249029,24,1966,1,2,46.399,195256,,,,2
4989765,29,4578,4,5,55.899,331548,,,,5
5951775,30,2740,2,3,38.871,317103,,,,3
1329673,18,2121,5,6,51.57,247905,,,,6
9789877,27,2506,5,6,43.694,227169,,,,6
2417505,51,2705,3,4,43.515,302622,,,,4
8945775,,2560,2,3,47.867,208323,,,,3
3969672,18,2144,4,5,52.417,272447,,,,5
3169538,21,2064,3,4,70.103,273100,,,,4
3416129,20,3594,3,4,52.784,267519,,,,4
5557202,0,3128,3,4,42.21,286731,,,,4
2723933,,2356,4,5,42.582,228090,,,,5
2719301,30,2160,4,5,48.587,214171,,,,5
4452844,24,2134,2,3,66.084,189206,,,,3
2766817,30,4289,7,8,43.558,340377,,,,8
5597968,52,2915,5,6,72.806,371337,,,,6
7535744,34,2866,3,4,44.663,215923,,,,4
4135189,19,3138,8,9,49.043,306935,,,,9
2517587,0,3044,6,7,46.632,283888,,,,7
7526970,40,2763,4,5,78.026,459322,,,,5
9390143,21,2067,1,2,47.89,264675,,,,2
1265372,9,1733,1,2,53.548,260995,,,,2
8540254,29,2209,5,6,49.263,277101,,,,6
8986306,7,2236,2,3,62.581,183623,,,,3
6941620,56,1882,4,5,54.492,213744,,,,5
6846300,23,4741,7,8,54.049,357572,,,,8
1595854,28,2520,8,9,43.512,174282,,,,9
7548180,,2808,5,6,73.613,351178,,,,6
8677818,30,1792,4,5,63.213,205967,,,,5
1936728,3,2004,3,4,75.059,378141,,,,4
8685213,9,2870,4,5,45.211,249389,,,,5
3936107,27,1973,4,5,52.32,284686,,,,5
8492919,32,3840,6,7,,908134,,,,7
4543591,40,2722,3,4,,255032,,,,4
5868675,,2937,2,3,42.94,239706,,,,3
4772388,8,3831,4,5,74.126,423933,,,,5
5778304,0,1843,3,4,,250674,,,,4
6851725,21,1996,5,6,42.742,209743,,,,6
3476391,21,2430,2,3,57.334,223006,,,,3
9634557,24,2863,5,6,69.335,297546,,,,6
7739593,,2506,3,4,49.558,231836,,,,4
4878387,29,3251,1,2,52.866,300142,,,,2
5860099,64,2084,3,4,70.644,275839,,,,4
3848730,19,2472,2,3,76.302,371051,,,,3
1390739,38,3199,3,4,68.223,218987,,,,4
1637546,47,3335,8,9,53.123,215144,,,,9
5255983,30,2048,4,500,68.563,279778,,,,5
3783052,38,2235,3,4,73.26,288681,,,,4
7741435,40,4075,1,2,42.006,332585,,,,2
1452583,43,2370,1,2,71.598,303538,,,,2
1068444,54,2995,7,8,95.56,773687,,,,8
5105597,31,1665,2,3,75.203,325130,,,,3
5910380,23,1950,2,3,65.895,210144,,,,3
8616400,16,2281,3,4,54.736,229643,,,,4
4916182,53,2076,3,4,,231979,,,,4
1524330,21,2962,6,7,53.506,302459,,,,7
8928094,0,2758,6,7,50.262,233645,,,,7
8259031,30,2839,2,3,56.465,215629,,,,3
5467586,30,3452,3,4,68.505,410337,,,,4
3868621,39,1952,3,4,46.325,191929,,,,4
1764878,30,2485,3,4,69.293,282306,,,,4
6870177,40,2006,3,4,62.996,220732,,,,4
2163930,32,2380,3,4,65.729,290577,,,,4
3019034,15,2988,4,5,56.102,269143,,,,5
9307489,,2439,7,8,49.831,161200,,,,8
3848525,35,2258,4,5,56.62,212699,,,,5
2638109,22,2280,4,5,40.109,242972,,,,5
3443378,23,2640,2,3,63.321,290287,,,,3
9442989,13,2932,3,4,47.606,262361,,,,4
8966427,19,2451,4,5,46.984,290728,,,,5
3697003,0,2940,6,7,42.619,238507,,,,7
4204761,13,3444,5,6,67.834,283163,,,,6
1384014,8,2357,6,7,47.409,199376,,,,7
5425700,20,2378,4,5,64.027,232047,,,,5
1627501,,2420,3,4,47.965,214397,,,,4
7241187,,2532,6,7,80.219,464315,,,,7
7819050,25,1929,1,2,44.531,203247,,,,2
7731254,27,2165,5,6,42.679,140638,,,,6
2230276,32,1857,3,4,87.206,578436,,,,4
5273481,43,3975,3,4,64.614,341925,,,,4
7537598,,3394,2,3,79.581,584389,,,,3
8451510,46,2323,7,8,62.942,198309,,,,8
1400271,3,2610,5,6,63.585,167687,,,,6
7225818,10,2501,2,3,54.868,287459,,,,3
5444385,42,3138,5,6,55.218,275203,,,,6
6971940,5,2324,7,8,46.752,190258,,,,8
9685639,40,3415,5,6,47.287,260680,,,,6
2245942,26,3931,9,10,45.105,296315,,,,10
1531013,7,2379,3,4,66.475,218754,,,,4
5019797,20,2545,2,3,61.666,233129,,,,3
4119815,41,3115,4,5,44.566,307783,,,,5
3090805,51,1798,2,3,50.057,244064,,,,3
7670744,34,1727,4,5,52.778,266167,,,,5